{
  "test/integration/pages/A_PurchaseOrderList.js": 1735624854964,
  "test/integration/opaTests.qunit.js": 1735624854952,
  "i18n/i18n.properties": 1735624870204,
  "test/integration/pages/A_PurchaseOrderItemObjectPage.js": 1735624854972,
  "test/integration/pages/A_PurchaseOrderObjectPage.js": 1735624854964,
  "test/integration/FirstJourney.js": 1735624854976,
  "test/testsuite.qunit.js": 1735624854944,
  "xs-app.json": 1735626992424,
  "manifest.json": 1735625773691,
  "Component.js": 1735624854892,
  "test/integration/FirstJourney-dbg.js": 1735624854976,
  "test/integration/FirstJourney.js.map": 1735643193972,
  "test/integration/pages/A_PurchaseOrderList-dbg.js": 1735624854964,
  "test/integration/pages/A_PurchaseOrderList.js.map": 1735643193970,
  "test/integration/pages/A_PurchaseOrderItemObjectPage-dbg.js": 1735624854972,
  "test/integration/pages/A_PurchaseOrderItemObjectPage.js.map": 1735643193970,
  "test/integration/pages/A_PurchaseOrderObjectPage-dbg.js": 1735624854964,
  "test/integration/pages/A_PurchaseOrderObjectPage.js.map": 1735643193970,
  "test/integration/opaTests.qunit-dbg.js": 1735624854952,
  "test/integration/opaTests.qunit.js.map": 1735643193973,
  "test/testsuite.qunit-dbg.js": 1735624854944,
  "test/testsuite.qunit.js.map": 1735643193973,
  "Component-dbg.js": 1735624854892,
  "Component.js.map": 1735643193971,
  "Component-preload.js": 1735643194141,
  "Component-preload.js.map": 1735643194141,
  "test/integration/opaTests.qunit.html": 1735624854952,
  "test/testsuite.qunit.html": 1735624854936,
  "test/flpSandbox.html": 1735624854936,
  "index.html": 1735624854896
}